{
    "mAP": 0.28465946741441733,
    "ap_scores": {
        "Angry": 0.2761749434267719,
        "Disgust": 0.10673838209917759,
        "Fear": 0.022842709407126446,
        "Happy": 0.5311399823632437,
        "Neutral": 0.6592367085482483,
        "Sad": 0.17695626331061717,
        "Surprise": 0.2195272827457362
    },
    "inference_time_per_face_ms": 15.358626538393448,
    "inference_time_per_image_ms": 539.1565614671849,
    "fps_faces": 65.1099886764095,
    "fps_images": 1.8547488270915973
}