{
    "mAP": 0.28425780203454315,
    "ap_scores": {
        "Angry": 0.27633827611281525,
        "Disgust": 0.10577480170093896,
        "Fear": 0.023106882022962995,
        "Happy": 0.5313663620706611,
        "Neutral": 0.6586048040204048,
        "Sad": 0.17619603841041748,
        "Surprise": 0.2184174499036014
    },
    "inference_time_per_face_ms": 134.9497319028126,
    "inference_time_per_image_ms": 4737.088070431752,
    "fps_faces": 7.410166629454105,
    "fps_images": 0.21110014952896097
}